{
    "loss": [
        0.06669365614652634,
        0.022211959585547447,
        0.00994049571454525,
        0.0049134511500597,
        0.00467192567884922,
        0.0045707942917943,
        0.0044196429662406445
    ],
    "val_loss": [
        0.05354681983590126,
        0.002549505792558193,
        0.006101617123931646,
        0.0034357199911028147,
        0.0031071046832948923,
        0.002863834844902158,
        0.0029779733158648014
    ]
}