{
    "loss": [
        0.020959900692105293,
        0.007747642230242491,
        0.006468531209975481,
        0.007893922738730907,
        0.005957414396107197,
        0.005217467900365591,
        0.006241542752832174,
        0.004608042538166046,
        0.004095350857824087,
        0.004347170703113079,
        0.005022864323109388,
        0.003894063411280513,
        0.004907233640551567,
        0.0044503347016870975,
        0.004469504579901695,
        0.0038897241465747356,
        0.004367000889033079,
        0.003447233699262142,
        0.00491184089332819,
        0.004116381518542767,
        0.0039427150040864944,
        0.004435286857187748,
        0.003996254410594702,
        0.0034315683878958225,
        0.0038986371364444494,
        0.0038029015995562077,
        0.00369966309517622,
        0.0036350851878523827,
        0.003135914681479335,
        0.002739740302786231,
        0.002964925719425082,
        0.0038134423084557056,
        0.002981094177812338,
        0.0028735846281051636,
        0.0027969134971499443,
        0.002835273975506425,
        0.003250029170885682,
        0.0032354698050767183,
        0.0026936735957860947,
        0.002733524888753891,
        0.0027298606000840664,
        0.002578726736828685,
        0.0030431202612817287,
        0.002828473225235939,
        0.002589014358818531,
        0.0030382077675312757,
        0.002326016779989004,
        0.0031262547709047794,
        0.0029373716097325087,
        0.0025868115480989218,
        0.0025323533918708563,
        0.0021218385081738234,
        0.002532871440052986,
        0.002399194287136197,
        0.0021535020787268877,
        0.002574416110292077,
        0.0024502265732735395
    ],
    "val_loss": [
        0.0069093904457986355,
        0.005733442027121782,
        0.007203038781881332,
        0.006585273891687393,
        0.004535209387540817,
        0.005280791316181421,
        0.0036143434699624777,
        0.0036934744566679,
        0.004055683501064777,
        0.0031443575862795115,
        0.003265140112489462,
        0.002931739203631878,
        0.003778343088924885,
        0.005847089923918247,
        0.0029335340950638056,
        0.0029091020114719868,
        0.002979044336825609,
        0.00459091505035758,
        0.005534994415938854,
        0.0025560399517416954,
        0.0024111769162118435,
        0.004302965477108955,
        0.0026609438937157393,
        0.0023750655818730593,
        0.0022731067147105932,
        0.003735559294000268,
        0.004797657951712608,
        0.0034143421798944473,
        0.0022170839365571737,
        0.003890044754371047,
        0.0019910491537302732,
        0.0028671536128968,
        0.002011089352890849,
        0.002380188787356019,
        0.0019096768228337169,
        0.0019002435728907585,
        0.001867802464403212,
        0.0035151271149516106,
        0.0025752426590770483,
        0.00220539141446352,
        0.0035783289931714535,
        0.0017670565284788609,
        0.001740673091262579,
        0.002551731653511524,
        0.002627613488584757,
        0.0018925507320091128,
        0.0018237094627693295,
        0.0016771889058873057,
        0.005066388752311468,
        0.0019933697767555714,
        0.0018748727161437273,
        0.0016143161337822676,
        0.0018678586930036545,
        0.001656767912209034,
        0.0026404738891869783,
        0.002002834575250745,
        0.0020599495619535446
    ]
}