{
    "loss": [
        0.00620062043890357,
        0.0024962550960481167,
        0.0018049650825560093,
        0.0014881663955748081,
        0.0017926482250913978,
        0.001421864959411323,
        0.001342112198472023,
        0.0013671560445800424,
        0.00124707305803895,
        0.0011655880371108651,
        0.001170129282400012,
        0.0010373563272878528,
        0.0009003106970340014,
        0.001023273216560483,
        0.0010007739765569568,
        0.0010125844273716211,
        0.0008127829059958458,
        0.0009926375932991505,
        0.0008759313495829701,
        0.0008677683072164655,
        0.0008641654276289046,
        0.0009123997297137976,
        0.0008396515040658414,
        0.0008218492730520666,
        0.0008010025485418737,
        0.0008670462411828339,
        0.0008349643903784454,
        0.0007769725052639842,
        0.0007656047819182277,
        0.0007493493612855673,
        0.0007818203885108232,
        0.0008364690002053976,
        0.0007611790206283331,
        0.000702602555975318,
        0.0006636343896389008,
        0.0006680042133666575,
        0.0009161530761048198,
        0.0007185492431744933,
        0.0007754159742034972,
        0.000644489424303174,
        0.000772704544942826,
        0.0007891738787293434,
        0.000651482492685318,
        0.0006812995998188853,
        0.0006479776930063963,
        0.0007463226211257279,
        0.0007272430812008679,
        0.0006451825029216707,
        0.0006736812647432089,
        0.0007014875882305205,
        0.000738642003852874,
        0.0007663554861210287,
        0.0006949409726075828,
        0.0006610035779885948,
        0.0006898681749589741,
        0.0006578607717528939,
        0.0006183656514622271,
        0.0006618387415073812
    ],
    "val_loss": [
        0.0014877739595249295,
        0.002315779449418187,
        0.001186423352919519,
        0.0010727312183007598,
        0.0012723361141979694,
        0.0016127920243889093,
        0.0008307028911076486,
        0.000761179777327925,
        0.0007795786368660629,
        0.0007320765871554613,
        0.0008303478825837374,
        0.0008866894640959799,
        0.0007127931457944214,
        0.0017587111797183752,
        0.001292592496611178,
        0.0006966690416447818,
        0.0012490184744819999,
        0.0006456656847149134,
        0.0014939660904929042,
        0.000791653641499579,
        0.0005745704984292388,
        0.002131168032065034,
        0.0016872734995558858,
        0.000623218365944922,
        0.0005453024059534073,
        0.0013718527043238282,
        0.0005033622146584094,
        0.0009100387687794864,
        0.0005771790747530758,
        0.0005008966545574367,
        0.00047188313328661025,
        0.0004611987678799778,
        0.000511499063577503,
        0.00048432411858811975,
        0.0004370162496343255,
        0.0005397835047915578,
        0.0004455357848200947,
        0.0006183774094097316,
        0.0004128800646867603,
        0.0004051518626511097,
        0.0005160799482837319,
        0.0004504155367612839,
        0.000481308379676193,
        0.00039808114524930716,
        0.0003851284272968769,
        0.0004737804993055761,
        0.00040474216802977026,
        0.0007477140752598643,
        0.0004838197201024741,
        0.00035764192580245435,
        0.0007225649897009134,
        0.0004544414987321943,
        0.0003524735802784562,
        0.0007194540230557323,
        0.000500541995279491,
        0.0006566272932104766,
        0.0004261830181349069,
        0.000385667517548427
    ]
}