{
    "loss": [
        0.11360485851764679,
        0.0420202799141407,
        0.04242248460650444,
        0.03210105374455452,
        0.03872857987880707,
        0.030852915719151497
    ],
    "val_loss": [
        0.0035275390837341547,
        0.06226513534784317,
        0.008642780594527721,
        0.008032976649701595,
        0.006818355992436409,
        0.0036531800869852304
    ]
}