{
    "loss": [
        0.010885464027523994,
        0.0023518367670476437,
        0.0021512473467737436,
        0.00208355113863945,
        0.0018903252203017473,
        0.0017690464155748487,
        0.001740319188684225,
        0.001602550270035863,
        0.001350489561446011,
        0.001312845852226019,
        0.0012000242713838816,
        0.0012063001049682498,
        0.0012333140475675464,
        0.0011878268560394645,
        0.0012771878391504288,
        0.0010823913617059588,
        0.0012107976945117116,
        0.0009417293476872146,
        0.0010858520399779081,
        0.000970250170212239,
        0.001046394812874496,
        0.0009478747961111367,
        0.0008635579142719507,
        0.0009169470868073404,
        0.0008882645634002984,
        0.0010174863273277879,
        0.0008301279158331454,
        0.0008868182194419205,
        0.0009729709709063172,
        0.000844412250444293,
        0.000946785556152463,
        0.0009557107114233077,
        0.000802096794359386,
        0.0008402509265579283,
        0.0008653978002257645
    ],
    "val_loss": [
        0.0014427951537072659,
        0.001685590948909521,
        0.0011329506523907185,
        0.001111281686462462,
        0.0011129595804959536,
        0.001460132421925664,
        0.0009388094185851514,
        0.0012901723384857178,
        0.0008466092986054718,
        0.0009410756756551564,
        0.0009407546021975577,
        0.00124163378495723,
        0.0007704732706770301,
        0.0007603882113471627,
        0.001041523413732648,
        0.0011125360615551472,
        0.000735709210857749,
        0.0007172003970481455,
        0.0007355487323366106,
        0.000680932542309165,
        0.0007037039613351226,
        0.0006951623945496976,
        0.0007307185442186892,
        0.0006627243128605187,
        0.0006576208397746086,
        0.0006271677557379007,
        0.001542955287732184,
        0.0011802141088992357,
        0.0010937975021079183,
        0.0005991358775645494,
        0.0008516533416695893,
        0.0006454233662225306,
        0.0014000522205606103,
        0.0006037272978574038,
        0.000809647492133081
    ]
}