{
    "loss": [
        0.10106635838747025,
        0.05259118601679802,
        0.026921110227704048,
        0.035003721714019775,
        0.029707923531532288,
        0.01828037202358246,
        0.019573500379920006,
        0.02129661664366722,
        0.018769310787320137,
        0.021527638658881187,
        0.0223248228430748,
        0.01817508600652218
    ],
    "val_loss": [
        0.08252415060997009,
        0.010146099142730236,
        0.043999284505844116,
        0.05893291160464287,
        0.024043293669819832,
        0.010413607582449913,
        0.008605723269283772,
        0.008654608391225338,
        0.010138917714357376,
        0.015826581045985222,
        0.020656008273363113,
        0.022852661088109016
    ]
}