{
    "time_step": 36,
    "epochs": 100,
    "batch_size": 16,
    "rmse": 13.678823427783511,
    "mape": 0.08151925741398026,
    "duration": 9.149300336837769
}