{
    "time_step": 4,
    "epochs": 50,
    "batch_size": 32,
    "rmse": 13.426494403983021,
    "mape": 0.07331450180973959,
    "duration": 11.334071159362793
}