{
    "time_step": 30,
    "epochs": 100,
    "batch_size": 16,
    "rmse": 5.199536522931528,
    "mape": 0.02613942541029344,
    "duration": 281.8790216445923
}