{
    "time_step": 12,
    "epochs": 75,
    "batch_size": 16,
    "rmse": 10.683877524433798,
    "mape": 0.061875890621676984,
    "duration": 53.09714341163635
}