{
    "time_step": 30,
    "epochs": 50,
    "batch_size": 32,
    "rmse": 6.778975588632028,
    "mape": 0.03640329769152494,
    "duration": 174.54623222351074
}