{
    "time_step": 12,
    "epochs": 50,
    "batch_size": 32,
    "rmse": 21.365175512036302,
    "mape": 0.13530196111024373,
    "duration": 12.382773637771606
}